Address,Price,No. of Beds,No. of Baths,Area,Extra Info
"5960 Walerga Rd #2, Sacramento, CA 95842","$205,000",2 beds,1 bath,840 sq ft,$265 HOA | Garage | $265 HOA
"3696 Naturita Way, Sacramento, CA 95834","$459,900",3 beds,2 baths,"1,194 sq ft","2,374 sq ft lot | Garage | 2,374 sq ft lot"
"3546 44th St, Sacramento, CA 95817","$399,900",4 beds,2 baths,"1,421 sq ft",
"5380 49th St, Sacramento, CA 95820","$340,000",2 beds,1 bath,790 sq ft,
"3718 Mirtoon Sea Ave, Sacramento, CA 95834","$599,990",3 beds,2 baths,"2,018 sq ft",
"865 Commons Dr, Sacramento, CA 95825","$450,000",2 beds,2 baths,"2,046 sq ft",
"5678 SE Power Inn Rd, Sacramento, CA 95824","$449,000",3 beds,3 baths,"1,400 sq ft",
"4001 Wyalong Way, Sacramento, CA 95826","$510,000",4 beds,2 baths,"1,579 sq ft",
"5203 Nelson St, Sacramento, CA 95820","$249,000",2 beds,1 bath,840 sq ft,
,,,,,
"903 Watt Ave, Sacramento, CA 95864","$459,000",4 beds,1 bath,"1,291 sq ft",
"6 Crystal Brook Ct, Sacramento, CA 95838","$470,000",3 beds,2 baths,"1,410 sq ft",
,,,,,
"4000 May, Sacramento, CA 95838","$799,000",8 beds,— baths,"2,800 sq ft",
"2923 Soul Aly, Sacramento, CA 95817","$350,000",2 beds,1 bath,682 sq ft,
"7905 Springarden Way, Sacramento, CA 95828","$614,999",3 beds,2 baths,"1,826 sq ft",
"4418 Natomas Central Dr, Sacramento, CA 95834","$510,000",3 beds,2.5 baths,"1,868 sq ft",
"3445 Hornsea Way, Sacramento, CA 95834","$669,000",5 beds,3 baths,"2,677 sq ft",
"3344 11th St, Sacramento, CA 95818","$1,199,000",4 beds,3 baths,"2,592 sq ft",
"3150 Spoonwood Way, Sacramento, CA 95833","$424,500",2 beds,2 baths,964 sq ft,
,,,,,
"5644 Verner Oak Ct #10, Sacramento, CA 95841","$365,000",2 beds,2.5 baths,"1,481 sq ft",
"425 10th St, Sacramento, CA 95814","$849,999",3 beds,3.5 baths,"1,818 sq ft",
"500 N St #902, Sacramento, CA 95814","$575,000",1 bed,2 baths,"1,261 sq ft",$547 HOA | Garage | $547 HOA
"3 Waban Ct, Sacramento, CA 95835","$646,204",4 beds,3 baths,"2,310 sq ft",
"832 Skipper Cir, Sacramento, CA 95822","$919,000",3 beds,2 baths,"1,742 sq ft",
"57 Kennelford Cir, Sacramento, CA 95823","$530,000",3 beds,2 baths,"1,478 sq ft",
"7548 Skelton Way, Sacramento, CA 95822","$425,000",3 beds,2 baths,"1,176 sq ft",
"4561 Tidewind Dr, Sacramento, CA 95838","$468,000",3 beds,2 baths,"1,355 sq ft",
"1231 D St, Sacramento, CA 95814","$499,999",3 beds,2 baths,"1,533 sq ft",
"3845 May St, Sacramento, CA 95838","$565,000",6 beds,— baths,"2,439 sq ft",
"462 De Mar Dr, Sacramento, CA 95831","$498,000",3 beds,2 baths,"1,409 sq ft",
"1340 Sebastian Way, Sacramento, CA 95864","$464,950",3 beds,2 baths,"1,170 sq ft",
"2130 26th St, Sacramento, CA 95818","$895,000",5 beds,2 baths,"2,196 sq ft",
"10018 Prairie Dunes Way, Sacramento, CA 95829","$599,900",4 beds,2.5 baths,"2,329 sq ft","7,510 sq ft lot | 3 garage spots | 7,510 sq ft lot"
"3649 Rio Pacifica Way, Out Of County, CA 99999","$489,900",3 beds,2 baths,"1,428 sq ft",
"5316 Allentown Way, Sacramento, CA 95835","$599,000",4 beds,3 baths,"2,020 sq ft",
"15 Cristalla Pl, Sacramento, CA 95835","$619,000",2 beds,2 baths,"2,218 sq ft",
"6244 Donnelly Ln, Sacramento, CA 95824","$499,999",6 beds,3 baths,"2,641 sq ft",
"3260 Gould Way, Sacramento, CA 95827","$475,000",5 beds,3 baths,"1,806 sq ft",0.24 acre lot | 2 garage spots | 0.24 acre lot
"301 Vista Creek Cir, Sacramento, CA 95835","$939,900",4 beds,3 baths,"4,097 sq ft",
"5719 Revelstok, Sacramento, CA 95842","$435,000",4 beds,2.5 baths,"1,722 sq ft",
"680 Exchange St, Sacramento, CA 95838","$410,000",2 beds,1.5 baths,878 sq ft,
"10645 Calvine Rd, Sacramento, CA 95830","$999,999",5 beds,3 baths,"2,103 sq ft",
"2106 Keith Way, Sacramento, CA 95825","$499,950",4 beds,2.5 baths,"1,704 sq ft","6,978 sq ft lot | Garage | 6,978 sq ft lot"
"5115 11th Ave, Sacramento, CA 95820","$475,000",3 beds,1 bath,"1,008 sq ft","5,227 sq ft lot | Garage | 5,227 sq ft lot"
"4001 58th St, Sacramento, CA 95820","$350,000",2 beds,1 bath,736 sq ft,
"2932 Kadema Dr, Sacramento, CA 95864","$1,150,000",4 beds,2.5 baths,"1,991 sq ft",
"3300 Broadway, Sacramento, CA 95817","$850,000",0 beds,3.5 baths,"2,336 sq ft",
"3125 Windsor Dr, Sacramento, CA 95864","$449,000",3 beds,1 bath,"1,081 sq ft",
"7633 Clement Cir, Sacramento, CA 95828","$419,000",3 beds,2 baths,"1,275 sq ft",
"3878 Stemmler Dr, Sacramento, CA 95834","$615,000",3 beds,2 baths,"1,820 sq ft",
"9073 Caldera Way, Sacramento, CA 95826","$515,000",3 beds,2 baths,"1,480 sq ft",
,,,,,
"930 San Ramon Way, Sacramento, CA 95864","$1,095,000",3 beds,3 baths,"2,215 sq ft",
"719 Flint Way, Sacramento, CA 95818","$629,000",2 beds,1.5 baths,"1,290 sq ft",
,,,,,
"6180 Broadway, Sacramento, CA 95820","$579,900",3 beds,2 baths,"1,648 sq ft",
"4111 Windsong St, Sacramento, CA 95834","$729,000",5 beds,3 baths,"2,567 sq ft",
"5263 Cloud Crest Way, Sacramento, CA 95835","$599,900",3 beds,2.5 baths,"2,487 sq ft",
"8510 Cavendish Way, Sacramento, CA 95828","$573,500",4 beds,3 baths,"2,034 sq ft",
"7446 Sylvia Way, Sacramento, CA 95822","$329,000",3 beds,2 baths,"1,373 sq ft",
"9547 Achates Cir, Sacramento, CA 95826","$469,000",3 beds,2 baths,"1,206 sq ft",
"2431 Cleat Ln #301, Sacramento, CA 95818","$380,000",1 bed,1.5 baths,680 sq ft,
,,,,,
"4537 Goya Pkwy, Sacramento, CA 95823","$399,000",3 beds,2 baths,"1,076 sq ft",
"4173 Justin Way, Sacramento, CA 95826","$439,800",3 beds,2 baths,"1,183 sq ft",
"2260 Glen Ellen Cir, Sacramento, CA 95822","$350,000",4 beds,3 baths,"4,098 sq ft",0.3 acre lot | 3 garage spots | 0.3 acre lot
"427 Wyndgate Rd, Sacramento, CA 95864","$680,000",3 beds,2.5 baths,"2,368 sq ft",
"6416 75th St, Sacramento, CA 95828","$330,000",3 beds,1 bath,980 sq ft,
"5924 Meghan Way, Sacramento, CA 95842","$445,000",3 beds,2 baths,"1,353 sq ft",
"3641 52nd St, Sacramento, CA 95820","$525,000",3 beds,2 baths,"1,528 sq ft",
"1508 Joby Ln, Sacramento, CA 95864","$1,475,000",4 beds,2 baths,"2,542 sq ft",
"8220 Newbury Park Ct, Sacramento, CA 95828","$565,000",3 beds,3 baths,"1,956 sq ft",
"5151 Sandburg Dr, Sacramento, CA 95819","$770,000",3 beds,2 baths,"1,365 sq ft",
"4971 48th St, Sacramento, CA 95820","$409,900",3 beds,1 bath,947 sq ft,
"6 Sea Hawk Pl, Sacramento, CA 95835","$575,000",3 beds,2.5 baths,"1,962 sq ft",
"364 Cinema St, Sacramento, CA 95823","$490,000",3 beds,2.5 baths,"1,434 sq ft",
"7696 20th Ave, Sacramento, CA 95820","$449,950",4 beds,2 baths,"1,287 sq ft","5,227 sq ft lot | 2 garage spots | 5,227 sq ft lot"
"3596 Birdland Ave, Sacramento, CA 95835","$589,000",3 beds,2.5 baths,"1,945 sq ft",
"2941 Gardendale Rd, Sacramento, CA 95822","$450,000",3 beds,2 baths,"1,851 sq ft",
"2760 Clay St, Sacramento, CA 95815","$300,000",3 beds,1 bath,"1,128 sq ft",
"3014 Nikol St, Sacramento, CA 95826","$548,000",4 beds,2.5 baths,"1,797 sq ft",
"5633 Revelstok Dr, Sacramento, CA 95842","$445,000",4 beds,2 baths,"1,269 sq ft","6,098 sq ft lot | 2 garage spots | 6,098 sq ft lot"
"9201 Thilow Dr, Sacramento, CA 95826","$549,000",3 beds,2 baths,"1,472 sq ft",
"26 Keely Ct, Sacramento, CA 95838","$515,000",4 beds,2.5 baths,"1,887 sq ft",
"3633 Darlene Ave, Sacramento, CA 95821","$419,500",2 beds,1 bath,"1,069 sq ft",
"6261 4th Ave, Sacramento, CA 95817","$525,000",2 beds,1 bath,"1,040 sq ft",
"171 Wapello Cir, Sacramento, CA 95835","$485,000",3 beds,2.5 baths,"1,712 sq ft","2,805 sq ft lot | 2 garage spots | 2,805 sq ft lot"
"7048 13th St, Sacramento, CA 95831","$675,000",3 beds,2.5 baths,"1,770 sq ft",0.28 acre lot | 2 garage spots | 0.28 acre lot
"10318 Gerber Rd, Sacramento, CA 95829","$800,000",3 beds,2 baths,"1,851 sq ft",
"2756 San Luis Ct, Sacramento, CA 95818","$525,000",2 beds,1 bath,906 sq ft,
"2440 40th Ave, Sacramento, CA 95822","$489,000",3 beds,2 baths,"1,269 sq ft",
"420 Seagull Way, Sacramento, CA 95831","$579,900",3 beds,2 baths,"1,409 sq ft",
"6912 Richeve Way, Sacramento, CA 95828","$449,000",3 beds,2 baths,"1,075 sq ft",
"3735 Amelia Rose Way, Sacramento, CA 95834","$515,000",3 beds,2.5 baths,"1,713 sq ft",
"8181 Folsom Blvd #135, Sacramento, CA 95826","$122,000",2 beds,2 baths,"1,662 sq ft",
,,,,,
"9164 Brian Ct, Sacramento, CA 95826","$399,000",4 beds,2 baths,"1,579 sq ft",
"2043 Odin Walk, Sacramento, CA 95835","$499,900",3 beds,2.5 baths,"1,414 sq ft",
,,,,,
"3594 Gold Creek Ln, Sacramento, CA 95827","$339,000",2 beds,2 baths,"1,020 sq ft",
"5616 53rd Ave, Sacramento, CA 95823","$425,000",3 beds,2 baths,"1,008 sq ft",
"1106 E, Sacramento, CA 95814","$2,050,000",0 beds,— baths,"5,000 sq ft",
"6810 Arabella Way, Sacramento, CA 95831","$799,000",3 beds,2.5 baths,"2,169 sq ft",
"9921 Redstone Dr, Sacramento, CA 95827","$434,999",3 beds,1 bath,"1,064 sq ft",
"6990 Chris Ave, Sacramento, CA 95828","$460,000",3 beds,2 baths,"1,092 sq ft",
"9274 Ryecroft Ct, Sacramento, CA 95829","$625,000",4 beds,3 baths,"2,040 sq ft",
,,,,,
"6844 Westmoreland Way, Sacramento, CA 95831","$825,000",3 beds,2 baths,"1,987 sq ft",
"6200 Westholme Way, Sacramento, CA 95823","$399,900",4 beds,2 baths,"1,549 sq ft",
"8356 Marina Greens Way, Sacramento, CA 95826","$565,000",3 beds,2 baths,"1,326 sq ft","6,482 sq ft lot | 2 garage spots | 6,482 sq ft lot"
"1911 Urbana Way, Sacramento, CA 95833","$420,000",2 beds,2 baths,"1,262 sq ft",
"7716 La Reina Way, Sacramento, CA 95828","$135,000",2 beds,2 baths,"1,400 sq ft",
"1921 El Bolsillo Way, Sacramento, CA 95822","$440,000",2 beds,2 baths,"1,090 sq ft",
"4206 Loazell Ct, Sacramento, CA 95864","$1,345,000",4 beds,3 baths,"2,479 sq ft",
"2747 24th St, Sacramento, CA 95818","$1,200,000",8 beds,6 baths,"3,872 sq ft",
"959 Johnfer Way, Sacramento, CA 95831","$690,000",4 beds,2 baths,"1,840 sq ft",
"2545 28th St, Sacramento, CA 95818","$1,495,000",8 beds,1 bath,"4,213 sq ft",
"3835 Stillman Park Cir, Sacramento, CA 95824","$125,000",2 beds,2 baths,"1,344 sq ft",
"5716 Lonsdale Dr, Sacramento, CA 95822","$637,000",3 beds,2 baths,"1,704 sq ft",
"12 Pina St, Sacramento, CA 95828","$99,000",2 beds,2 baths,"1,344 sq ft",
"256 Olmstead Dr, Sacramento, CA 95838","$365,000",2 beds,2 baths,960 sq ft,0.23 acre lot | 2 garage spots | 0.23 acre lot
"2441 Rio Linda Blvd, Sacramento, CA 95815","$399,000",3 beds,2 baths,"1,464 sq ft",
"4113 Ashgrove Way, Sacramento, CA 95826","$299,000",4 beds,2 baths,"1,497 sq ft",
"20 Paramount Cir, Sacramento, CA 95823","$374,999",3 beds,1 bath,960 sq ft,
"1078 La Fleur Way, Sacramento, CA 95831","$900,000",5 beds,4.5 baths,"3,287 sq ft",
"3620 Gold Creek Ln, Sacramento, CA 95827","$359,000",2 beds,2.5 baths,"1,114 sq ft",$455 HOA | 2 garage spots | $455 HOA
"9762 Jeff Handy Dr, Sacramento, CA 95829","$569,999",4 beds,3 baths,"2,002 sq ft",
"6125 Jack London Cir, Sacramento, CA 95842","$414,900",3 beds,2 baths,"1,092 sq ft",
"4271 Warren Ave, Sacramento, CA 95822","$629,900",4 beds,2.5 baths,"1,851 sq ft",
"1738 Bannon Creek Dr, Sacramento, CA 95833","$464,900",3 beds,2 baths,"1,230 sq ft",
"8942 Gulfport Way, Sacramento, CA 95826","$349,000",3 beds,2 baths,"1,256 sq ft","6,059 sq ft lot | 2 garage spots | 6,059 sq ft lot"
"1870 Zurlo Way, Sacramento, CA 95835","$465,000",3 beds,2 baths,"1,120 sq ft","3,740 sq ft lot | 2 garage spots | 3,740 sq ft lot"
"8732 Oldfield Way, Sacramento, CA 95829","$639,000",4 beds,3.5 baths,"2,107 sq ft",
"1852 Morse Ave, Sacramento, CA 95825","$9,250,000",90 beds,90 baths,"42,236 sq ft",
"3439 Del Mesa Ct, Sacramento, CA 95821","$719,000",3 beds,2.5 baths,"2,282 sq ft",
"3320 Saint Mathews Dr, Sacramento, CA 95821","$539,000",2 beds,2 baths,"1,286 sq ft",
"3306 Lunar Sky Walk, Sacramento, CA 95834","$437,990",3 beds,2 baths,"1,296 sq ft",
"1908 22nd St, Sacramento, CA 95816","$515,000",2 beds,1 bath,"1,084 sq ft",
"4949 Del Norte Blvd, Sacramento, CA 95820","$325,000",3 beds,2 baths,"1,147 sq ft",
,,,,,
"4800 Westlake Pkwy #405, Sacramento, CA 95835","$340,000",2 beds,2.5 baths,"1,429 sq ft",
"200 P St Unit C13, Sacramento, CA 95814","$395,000",2 beds,2 baths,"1,400 sq ft",
,,,,,
"7449 Circle Pkwy, Sacramento, CA 95823","$424,999",3 beds,1 bath,"1,120 sq ft",
"4309 22nd Ave, Sacramento, CA 95820","$515,000",4 beds,3.5 baths,"2,260 sq ft",
"579 De Mar Dr, Sacramento, CA 95831","$529,000",3 beds,2 baths,"1,180 sq ft",
"2046 Edwin Way, Sacramento, CA 95825","$390,000",2 beds,2 baths,996 sq ft,
"6429 Sunnyfield Way, Sacramento, CA 95823","$399,000",3 beds,2 baths,"1,210 sq ft",
"4456 Danube River Ln, Sacramento, CA 95834","$539,900",2 beds,2 baths,"1,743 sq ft",
"175 Log Pond Ln, Sacramento, CA 95818","$459,000",2 beds,2.5 baths,"1,015 sq ft",
,,,,,
"2218 Shaw St, Sacramento, CA 95821","$445,000",3 beds,2 baths,"1,600 sq ft",
"5601 Cancion St, Sacramento, CA 95835","$795,000",5 beds,4 baths,"2,804 sq ft",
"9120 Sunfire Way, Sacramento, CA 95826","$485,000",3 beds,2 baths,"1,344 sq ft","6,316 sq ft lot | 3 garage spots | 6,316 sq ft lot"
"8224 Essen Way, Sacramento, CA 95823","$520,000",4 beds,4 baths,"1,767 sq ft",
"4617 - 4621 14th Ave, Sacramento, CA 95820","$799,000",5 beds,4 baths,"2,137 sq ft",
"34 Timberwood Ct, Sacramento, CA 95833","$479,000",3 beds,2 baths,"1,210 sq ft",
"557 Crocker Rd, Sacramento, CA 95864","$2,890,000",5 beds,5.5 baths,"5,184 sq ft",
"3125 Mayfair Dr, Sacramento, CA 95864","$399,000",2 beds,1 bath,930 sq ft,
"9560 Cassandra Way, Sacramento, CA 95827","$540,000",6 beds,4 baths,"2,094 sq ft",
"109 River Chase Cir, Sacramento, CA 95864","$625,000",3 beds,2 baths,"1,694 sq ft",
"1665 49th St, Sacramento, CA 95819","$409,900",1 bed,1 bath,562 sq ft,
"8906 Cobble Crest Dr, Sacramento, CA 95829","$525,000",4 beds,2.5 baths,"1,703 sq ft",
"2360 Jay King Walk, Sacramento, CA 95818","$695,000",3 beds,2.5 baths,"1,620 sq ft",
"1025 Foxhall Way, Sacramento, CA 95831","$595,000",4 beds,2.5 baths,"1,843 sq ft","7,841 sq ft lot | 2 garage spots | 7,841 sq ft lot"
"3068 Goldenvue Walk, Sacramento, CA 95833","$500,000",4 beds,3.5 baths,"2,001 sq ft",
"977 Coleman Ranch Way, Sacramento, CA 95831","$759,000",4 beds,2.5 baths,"2,370 sq ft",
"8064 Monkey Flower Way, Sacramento, CA 95832","$554,058",4 beds,2.5 baths,"2,102 sq ft",
"8068 Monkey Flower Way, Sacramento, CA 95832","$558,765",5 beds,3 baths,"2,693 sq ft",
"4609 Ashton Dr, Sacramento, CA 95864","$1,085,000",4 beds,3 baths,"2,655 sq ft",0.28 acre lot | 2 garage spots | 0.28 acre lot
"4037 Robertson Ave, Sacramento, CA 95821","$799,000",4 beds,2.5 baths,"2,118 sq ft",
"14 Riposto Pl, Sacramento, CA 95834","$675,000",3 beds,3 baths,"2,206 sq ft",
"3425 Del Paso Blvd, Sacramento, CA 95838","$389,000",3 beds,2 baths,"1,014 sq ft",
"989 Johnfer Way, Sacramento, CA 95831","$690,000",4 beds,2 baths,"1,842 sq ft",
"1916 18th St, Sacramento, CA 95811","$449,888",3 beds,1.5 baths,"1,162 sq ft","4,800 sq ft lot | Built 1913 | 4,800 sq ft lot"
"7341 Marani Way, Sacramento, CA 95831","$520,000",3 beds,2 baths,"1,195 sq ft","9,583 sq ft lot | 2 garage spots | 9,583 sq ft lot"
"7992 Keith Winney Cir, Sacramento, CA 95829","$599,999",5 beds,3 baths,"2,479 sq ft",
"4560 Paso Centro Ln, Sacramento, CA 95834","$469,999",2 beds,2 baths,"1,433 sq ft",
"11 Stony Hl, Sacramento, CA 95835","$505,000",3 beds,2.5 baths,"1,722 sq ft",
"2761 32nd Ave, Sacramento, CA 95824","$649,000",3 beds,1 bath,"1,064 sq ft",
"5825 Hobbs Ln #68, Sacramento, CA 95842","$134,900",3 beds,2 baths,"1,000 sq ft",
"3933 Branch St, Sacramento, CA 95838","$395,000",4 beds,2 baths,"1,315 sq ft",
"3522 Cypress St, Sacramento, CA 95838","$380,000",2 beds,2 baths,920 sq ft,
,,,,,
"1059 Acacia Ave, Sacramento, CA 95815","$490,000",5 beds,3 baths,"1,469 sq ft",
"181 Skybrook Ln, Sacramento, CA 95828","$245,000",2 beds,2 baths,"1,664 sq ft",
,,,,,
"4000 Innovator Dr #12101, Sacramento, CA 95834","$394,000",2 beds,2 baths,"1,293 sq ft",
"4205 Arlington Ave, Sacramento, CA 95820","$398,500",2 beds,1 bath,808 sq ft,
"3605 Astral Dr, Sacramento, CA 95827","$399,000",3 beds,2 baths,"1,068 sq ft",
"310 Bathbridge Ln, Sacramento, CA 95823","$435,000",3 beds,2.5 baths,"1,538 sq ft",
"3434 Turnbridge Dr, Sacramento, CA 95823","$125,000",3 beds,2 baths,"1,560 sq ft",
"2609 Ensenada Way, Sacramento, CA 95815","$387,000",3 beds,1 bath,"1,263 sq ft",
"9101 Newhall Dr #35, Sacramento, CA 95826","$202,000",1 bed,1 bath,704 sq ft,
,,,,,
"2816 Earthened Walk, Sacramento, CA 95833","$615,000",3 beds,3 baths,"1,963 sq ft",
"5722 Clearwater Dr #18, Sacramento, CA 95841","$59,900",1 bed,1 bath,675 sq ft,
"4108 57 St, Sacramento, CA 95820","$649,900",4 beds,2 baths,"1,406 sq ft","4,356 sq ft lot | Garage | 4,356 sq ft lot"
"8748 Kentshire Way, Sacramento, CA 95828","$485,000",3 beds,2.5 baths,"1,654 sq ft",
"7451 Albezzia, Sacramento, CA 95828","$85,400",3 beds,2 baths,"1,600 sq ft",
"7331 Stratford Pl #601, Sacramento, CA 95842","$338,500",2 beds,2 baths,"1,134 sq ft",
"2949 Bowden Square Way, Sacramento, CA 95835","$549,000",3 beds,2.5 baths,"1,859 sq ft",
"4540 Greenholme Dr #2, Sacramento, CA 95842","$210,000",2 beds,1 bath,840 sq ft,
"3811 15th Ave, Sacramento, CA 95820","$587,000",4 beds,3 baths,"1,450 sq ft",
"5423 Knotty Pine Way, Sacramento, CA 95835","$509,900",4 beds,2.5 baths,"1,753 sq ft",
"3715 Tallyho Dr, Sacramento, CA 95826","$259,999",2 beds,2 baths,890 sq ft,
"255 Silver Eagle Rd, Sacramento, CA 95838","$499,000",3 beds,1 bath,989 sq ft,
"10 Scenic Point Pl, Sacramento, CA 95835","$535,000",4 beds,2.5 baths,"1,962 sq ft",
"1933 El Monte Ave, Sacramento, CA 95815","$388,000",3 beds,2 baths,"1,080 sq ft","4,792 sq ft lot | 2 garage spots | 4,792 sq ft lot"
"3234 Casitas Bonito, Sacramento, CA 95825","$339,900",2 beds,2.5 baths,"1,166 sq ft",
"2021 Arliss Way, Sacramento, CA 95822","$424,900",3 beds,2 baths,"1,044 sq ft",
"2961 Northrop Ave, Sacramento, CA 95864","$1,200,000",4 beds,3.5 baths,"3,125 sq ft",
"1236 Commons Dr./st. Charles Pl. Dr, Sacramento, CA 95825","$650,000",2 beds,2 baths,"1,861 sq ft",
"1512 Kathleen Ave, Sacramento, CA 95815","$339,900",2 beds,1 bath,997 sq ft,"5,227 sq ft lot | Garage | 5,227 sq ft lot"
"1032 - 1034 10th Ave, Sacramento, CA 95818","$1,020,000",6 beds,3 baths,"3,182 sq ft",
"7236 Ojai Ct, Sacramento, CA 95842","$459,900",3 beds,2 baths,"1,188 sq ft",
"4201 Moddison Ave, Sacramento, CA 95819","$749,900",4 beds,2 baths,"1,305 sq ft",
"4020 Arco Del Paso Ln, Sacramento, CA 95834","$549,000",2 beds,2.5 baths,"1,769 sq ft",
"2727 K St, Sacramento, CA 95816","$1,450,000",4 beds,3 baths,"3,104 sq ft","3,202 sq ft lot | Parking | 3,202 sq ft lot"
"8188 Crafton Ct, Sacramento, CA 95828","$490,000",3 beds,2 baths,"1,289 sq ft","6,146 sq ft lot | 2 garage spots | 6,146 sq ft lot"
"6279 Dayspring Way, Sacramento, CA 95823","$399,500",3 beds,2 baths,"1,329 sq ft",
"4040 Cayente Way, Sacramento, CA 95864","$839,900",4 beds,3 baths,"1,925 sq ft",
"5373 Admiral Bend Way, Sacramento, CA 95835","$596,500",3 beds,2.5 baths,"1,720 sq ft",
"3244 Windsor Dr, Sacramento, CA 95864","$520,000",3 beds,2 baths,"1,724 sq ft",
"2253 Indian Wells Ct, Sacramento, CA 95833","$529,000",3 beds,3 baths,"1,660 sq ft",
"4210 Turnbridge Dr, Sacramento, CA 95823","$340,000",2 beds,2 baths,"1,240 sq ft",
"2008 Bowling Green Dr, Sacramento, CA 95825","$429,000",4 beds,2 baths,"1,351 sq ft",
,,,,,
"7548 Huckleberry Ln, Sacramento, CA 95828","$65,000",2 beds,2 baths,"1,344 sq ft",
"5123 Marysville Blvd, Sacramento, CA 95838","$400,000",2 beds,1.5 baths,916 sq ft,
,,,,,
"7565 El Terraza Dr, Sacramento, CA 95828","$549,000",5 beds,3 baths,"1,929 sq ft",
"8047 Grandstaff Dr, Sacramento, CA 95823","$459,000",4 beds,2 baths,"1,609 sq ft",
"500 N St #202, Sacramento, CA 95814","$425,000",2 beds,2 baths,"1,261 sq ft",
"411 Picasso Cir, Sacramento, CA 95835","$549,900",4 beds,3 baths,"2,200 sq ft",
"4611 Fair Oaks Blvd, Sacramento, CA 95864","$1,950,000",4 beds,4.5 baths,"3,875 sq ft",
"130 Davis Ave, Sacramento, CA 95823","$160,000",4 beds,2 baths,"1,440 sq ft",
"1536 42nd St, Sacramento, CA 95819","$1,250,000",4 beds,3 baths,"2,253 sq ft",
,,,,,
"3729 18th Ave, Sacramento, CA 95820","$345,000",3 beds,1 bath,800 sq ft,
"2851 Garden Hwy, Sacramento, CA 95833","$2,395,000",3 beds,3 baths,"3,359 sq ft",
"5832 Alameda Ln #138, Sacramento, CA 95842","$109,900",2 beds,2 baths,800 sq ft,2 parking spots | Built 1974 | 2 parking spots
"2229 58th St, Sacramento, CA 95817","$649,900",2 beds,2 baths,"1,045 sq ft",
"2478 Larkspur Ln #173, Sacramento, CA 95825","$219,000",1 bed,1 bath,642 sq ft,
"26 Rosier Cir, Sacramento, CA 95833","$608,000",3 beds,2.5 baths,"1,985 sq ft",
"8476 W Stockton Blvd #1, Elk Grove, CA 95758","$199,900",3 beds,2 baths,"1,593 sq ft",
"3825 Nava Ave, Sacramento, CA 95835","$835,000",5 beds,3.5 baths,"2,968 sq ft",
"2352 Bronze Star Way, Sacramento, CA 95818","$659,000",3 beds,2.5 baths,"1,620 sq ft",
"57 Adler Cir, Sacramento, CA 95864","$979,000",4 beds,3 baths,"2,698 sq ft",
"4116 Puente Way, Sacramento, CA 95864","$2,600,000",5 beds,4.5 baths,"6,030 sq ft",
"4200 E Commerce Way #1214, Sacramento, CA 95834","$315,000",2 beds,2 baths,958 sq ft,
"3712 West Way, Sacramento, CA 95821","$429,000",3 beds,1 bath,"1,319 sq ft",
"5101 Esmeralda St, Sacramento, CA 95820","$570,000",3 beds,2 baths,"1,703 sq ft","6,970 sq ft lot | Garage | 6,970 sq ft lot"
"1705 H St, Sacramento, CA 95811","$925,000",3 beds,2.5 baths,"2,458 sq ft",
"2331 Downar Way, Sacramento, CA 95838","$349,000",3 beds,2 baths,808 sq ft,
"3413 Comet Ct, Sacramento, CA 95827","$455,000",3 beds,2 baths,"1,435 sq ft",
"4500 Crestwood Way, Sacramento, CA 95822","$925,000",3 beds,2.5 baths,"2,135 sq ft",
"8126 Dierks Rd, Sacramento, CA 95830","$748,000",3 beds,2 baths,"1,648 sq ft",2 acre lot | 6 garage spots | 2 acre lot
"6241 N Point Way, Sacramento, CA 95831","$725,000",4 beds,3 baths,"2,253 sq ft",
"2930 34th Ave, Sacramento, CA 95824","$310,000",2 beds,1 bath,953 sq ft,
"304 Cinema St, Sacramento, CA 95823","$494,900",4 beds,2.5 baths,"1,826 sq ft",
"8181 Folsom Blvd #69, Sacramento, CA 95826","$109,000",2 beds,2 baths,"1,272 sq ft",
"6229 Stagecoach Dr, Sacramento, CA 95842","$120,000",3 beds,2 baths,"1,440 sq ft",Parking | Built 1973 | Parking
"4831 Quonset Dr, Sacramento, CA 95820","$379,000",3 beds,1 bath,"1,018 sq ft","4,792 sq ft lot | Garage | 4,792 sq ft lot"
"9040 Durness Way, Sacramento, CA 95829","$639,900",4 beds,3 baths,"2,235 sq ft",
"5727 Honor Pkwy, Sacramento, CA 95835","$558,000",3 beds,2.5 baths,"1,796 sq ft",
"3500 38th St, Sacramento, CA 95817","$449,000",3 beds,2 baths,"1,143 sq ft",
"2017 5th Ave, Sacramento, CA 95818","$635,000",2 beds,1 bath,992 sq ft,
"3418 Clemens Way, Sacramento, CA 95864","$1,650,000",5 beds,3.5 baths,"3,057 sq ft",
"2016 9th St, Sacramento, CA 95818","$635,000",4 beds,2 baths,"1,829 sq ft",
"4140 62nd St, Sacramento, CA 95820","$509,000",2 beds,1 bath,888 sq ft,
,,,,,
"835 26th St, Sacramento, CA 95816","$675,000",3 beds,2.5 baths,"1,449 sq ft",
"4130 62nd St, Sacramento, CA 95820","$485,000",2 beds,1 bath,855 sq ft,
,,,,,
"2154 63rd Ave, Sacramento, CA 95822","$399,999",3 beds,2 baths,"1,098 sq ft",
"5501 - 5503 Bobbie Jo Ct, Sacramento, CA 95841","$600,000",4 beds,3 baths,"2,041 sq ft",
"903 Fulton Ave #406, Sacramento, CA 95825","$274,990",2 beds,1 bath,"1,010 sq ft",
"2200 2nd Ave, Sacramento, CA 95818","$949,000",4 beds,2 baths,"2,116 sq ft",
"7495 Wainscott Way, Sacramento, CA 95822","$469,999",3 beds,2.5 baths,"1,686 sq ft",
"3916 Loreto Way, Sacramento, CA 95821","$449,000",2 beds,1 bath,"1,087 sq ft",
"7109 Roca Way, Sacramento, CA 95842","$475,000",4 beds,2.5 baths,"1,545 sq ft",
,,,,,
"7524 Schreiner St, Sacramento, CA 95822","$399,950",3 beds,2 baths,"1,088 sq ft",
"1429 Sebastian Way, Sacramento, CA 95864","$525,000",4 beds,2 baths,"1,291 sq ft",
"8220 Center Pkwy #38, Sacramento, CA 95823","$210,000",2 beds,1 bath,906 sq ft,$380 HOA | Garage | $380 HOA
"8737 Barracuda Way, Sacramento, CA 95826","$419,900",3 beds,2 baths,"1,710 sq ft",
"9173 Vervain Way, Sacramento, CA 95829","$599,950",3 beds,3 baths,"2,206 sq ft",
"6280 40th Ave, Sacramento, CA 95824","$394,900",3 beds,1 bath,993 sq ft,
"7441 Peacock Way, Sacramento, CA 95820","$410,000",3 beds,1 bath,925 sq ft,
"49 El Camino Ave, Sacramento, CA 95815","$400,000",3 beds,2 baths,"1,248 sq ft",
"3340 American River Dr, Sacramento, CA 95864","$1,550,000",5 beds,3.5 baths,"4,282 sq ft",
"29 Windcatcher Ct, Sacramento, CA 95834","$839,900",4 beds,3 baths,"2,567 sq ft",
"10077 Cristo Dr, Sacramento, CA 95829","$1,075,000",6 beds,4.5 baths,"3,821 sq ft",
"8312 Cabochon Way, Sacramento, CA 95829","$715,000",4 beds,2.5 baths,"2,206 sq ft",
"9157 Trujillo Way, Sacramento, CA 95826","$585,000",5 beds,3 baths,"2,007 sq ft",
"2625 27th St, Sacramento, CA 95818","$675,000",3 beds,2 baths,"1,407 sq ft","3,485 sq ft lot | 2 parking spots | 3,485 sq ft lot"
"3428 Shaker Way, Sacramento, CA 95835","$596,368",3 beds,2.5 baths,"1,917 sq ft",
"1525 Carp Way, Sacramento, CA 95832","$615,323",3 beds,2 baths,"1,685 sq ft",
"1524 Carp Way, Sacramento, CA 95832","$691,683",4 beds,3 baths,"2,693 sq ft",
"1916 17th St, Sacramento, CA 95811","$1,159,000",6 beds,3.5 baths,"3,263 sq ft",
"1012 Uptown Aly, Sacramento, CA 95818","$799,000",3 beds,3 baths,"1,520 sq ft","1,664 sq ft lot | Garage | 1,664 sq ft lot"
"2824 D St, Sacramento, CA 95816","$1,250,000",9 beds,6 baths,"2,965 sq ft",
"3829 39th St, Sacramento, CA 95820","$339,900",2 beds,1 bath,"1,126 sq ft",
"9279 Prudhoe Ct, Sacramento, CA 95829","$599,000",3 beds,2 baths,"2,004 sq ft",
"4301 Hovnanian Dr, Sacramento, CA 95834","$445,000",2 beds,2 baths,"1,510 sq ft",
"4512 Ruskin Ct, Sacramento, CA 95842","$380,000",3 beds,2 baths,"1,312 sq ft","6,970 sq ft lot | 2 garage spots | 6,970 sq ft lot"
"7325 Dorstone Way, Sacramento, CA 95829","$595,990",3 beds,2.5 baths,"1,632 sq ft","4,238 sq ft lot | 2 garage spots | 4,238 sq ft lot"
"4159 Gloster Way, Sacramento, CA 95834","$424,900",3 beds,2.5 baths,"1,285 sq ft",
"196 Amberglen Dr #196, Sacramento, CA 95823","$150,000",4 beds,2 baths,"1,632 sq ft",
"3826 Fong Ranch Rd, Sacramento, CA 95834","$549,900",4 beds,2 baths,"1,898 sq ft",
"3546 Cody Way, Sacramento, CA 95864","$699,000",5 beds,3 baths,"1,946 sq ft",
"50 Chief, Sacramento, CA 95833","$438,000",3 beds,2 baths,"1,403 sq ft",
"2117 14th St, Sacramento, CA 95818","$619,000",2 beds,1 bath,822 sq ft,
"7621 23rd St, Sacramento, CA 95832","$425,000",4 beds,2 baths,"1,343 sq ft",
,,,,,
"7317 Dorstone Way, Sacramento, CA 95829","$625,990",4 beds,3 baths,"2,024 sq ft",
"3500 Nuestra Ave, Sacramento, CA 95835","$599,000",4 beds,3 baths,"2,018 sq ft",
,,,,,
"3828 William Way, Sacramento, CA 95821","$555,000",3 beds,1 bath,"1,116 sq ft",
"9464 Roseport Way, Sacramento, CA 95826","$425,000",3 beds,2 baths,"1,256 sq ft",
"110 Wyndbrook St, Sacramento, CA 95828","$149,900",2 beds,2 baths,"1,152 sq ft",
"1911 Terrace Dr, Sacramento, CA 95825","$485,000",3 beds,2 baths,"1,358 sq ft",
"7421 Stellar Way, Sacramento, CA 95829","$545,000",3 beds,2 baths,"1,494 sq ft",
"2681 N Hawthorne St, Sacramento, CA 95815","$299,000",2 beds,1 bath,864 sq ft,
"1212 23rd, Sacramento, CA 95816","$850,000",4 beds,4.5 baths,"2,650 sq ft",
,,,,,
"1214 23rd St, Sacramento, CA 95816","$795,000",3 beds,3 baths,"2,298 sq ft",
"8373 Foppiano Way, Sacramento, CA 95829","$540,000",4 beds,2 baths,"1,387 sq ft",
"661 Natalino Cir, Sacramento, CA 95835","$568,888",3 beds,2.5 baths,"1,635 sq ft","3,385 sq ft lot | 2 garage spots | 3,385 sq ft lot"
"2645 Burnaby, Sacramento, CA 95833","$749,999",3 beds,2 baths,"1,710 sq ft",
"9125 Trujillo Way, Sacramento, CA 95826","$560,000",4 beds,3 baths,"1,793 sq ft",
"8036 Monkeyflower Way, Sacramento, CA 95832","$555,450",5 beds,3 baths,"2,236 sq ft",
"3589 Parc Villa Cir, Sacramento, CA 95827","$496,546",3 beds,2.5 baths,"1,644 sq ft",
"1105 Ciric Ave, Sacramento, CA 95833","$545,000",3 beds,2 baths,"1,548 sq ft",
"6100 Wendal Ln, Sacramento, CA 95841","$1,100,000",3 beds,2.5 baths,"2,470 sq ft",
"420 Rick Heinrich Cir, Sacramento, CA 95835","$520,000",3 beds,2 baths,"1,307 sq ft",
"4132 Olga Bay Ln, Sacramento, CA 95834","$665,000",2 beds,2.5 baths,"1,704 sq ft",
"7321 Dorstone Way, Sacramento, CA 95829","$609,990",4 beds,2.5 baths,"1,935 sq ft",
"7329 Dorstone Way, Sacramento, CA 95829","$579,990",3 beds,2.5 baths,"1,446 sq ft",
"1101 Castec Dr, Sacramento, CA 95864","$720,000",3 beds,1.5 baths,"1,393 sq ft",0.34 acre lot | 2 garage spots | 0.34 acre lot
"6235 Allenport Way, Sacramento, CA 95831","$710,000",4 beds,2 baths,"1,820 sq ft",
"5354 Wadsworth Way, Sacramento, CA 95835","$619,000",4 beds,3 baths,"2,265 sq ft",
"5728 Hillsdale Blvd, Sacramento, CA 95842","$159,999",2 beds,1.5 baths,933 sq ft,
"2673 Freeport Blvd, Sacramento, CA 95818","$599,000",3 beds,1 bath,"1,075 sq ft",
"1750 Auburn Blvd #27, Sacramento, CA 95815","$30,000",1 bed,1 bath,480 sq ft,Parking | Built 1986 | Parking
"5350 Dunlay Dr #116, Sacramento, CA 95835","$388,000",2 beds,2 baths,"1,307 sq ft",
"5320 Joline Ave, Sacramento, CA 95841","$695,000",3 beds,3 baths,"2,032 sq ft",
"5351 - 5349 Whittier Dr, Sacramento, CA 95820","$634,000",4 beds,3 baths,"1,888 sq ft",
"3440 Fulton Ave #33, Sacramento, CA 95821","$82,888",1 bed,1 bath,527 sq ft,
"2532 Prosper Rd, Sacramento, CA 95834","$409,900",2 beds,2.5 baths,"1,065 sq ft","1,451 sq ft lot | 2 garage spots | 1,451 sq ft lot"
"9 Captains Gate Pl, Sacramento, CA 95835","$535,000",3 beds,2.5 baths,"1,962 sq ft","2,792 sq ft lot | 2 garage spots | 2,792 sq ft lot"
"5530 Seyferth Way, Sacramento, CA 95823","$439,999",4 beds,2 baths,"1,521 sq ft",
"4200 Rose Valley Way, Sacramento, CA 95826","$434,900",3 beds,2 baths,"1,113 sq ft",
"2502 American River Dr, Sacramento, CA 95864","$514,900",3 beds,2 baths,"1,676 sq ft",
"4339 Shingle Oak Ln, Sacramento, CA 95834","$509,900",3 beds,2.5 baths,"1,762 sq ft",
"1705 Roanoke Ave, Sacramento, CA 95838","$349,900",2 beds,1 bath,939 sq ft,
"5108 Greenberry Dr, Sacramento, CA 95841","$299,900",2 beds,1 bath,948 sq ft,
"3241 Tice Creek Way, Sacramento, CA 95833","$399,000",2 beds,2.5 baths,"1,027 sq ft",
,,,,,
"2280 Hurley Way #36, Sacramento, CA 95825","$269,000",2 beds,2 baths,"1,105 sq ft",
"2280 Hurley Way #59, Sacramento, CA 95825","$264,900",2 beds,2 baths,"1,278 sq ft",
,,,,,
"3325 V St, Sacramento, CA 95817","$450,000",— beds,— baths,— sq ft,
"7509 Persimmon, Sacramento, CA 95823","$860,000",— beds,— baths,— sq ft,
"3083 Garden Hwy, Sacramento, CA 95833","$499,900",— beds,— baths,— sq ft,
"9072 Fruitridge Rd, Sacramento, CA 95826","$199,000",— beds,— baths,— sq ft,
"4175 Amapola Way, Sacramento, CA 95823","$469,000",3 beds,2 baths,"1,406 sq ft","6,534 sq ft lot | 2 garage spots | 6,534 sq ft lot"
"2537 Key West Way, Sacramento, CA 95826","$440,000",3 beds,2 baths,"1,055 sq ft","6,368 sq ft lot | 2 garage spots | 6,368 sq ft lot"
"3804 Sunnyvale, Sacramento, CA 95821","$515,000",3 beds,1 bath,"1,280 sq ft",0.24 acre lot | 2 garage spots | 0.24 acre lot
"20 Tove Ct, Elk Grove, CA 95758","$670,000",5 beds,3 baths,"2,222 sq ft",
"4253 Taylor St, Sacramento, CA 95838","$349,000",3 beds,2 baths,"1,588 sq ft",
"1111 Yale St, Sacramento, CA 95818","$549,900",2 beds,1 bath,"1,230 sq ft",
"240 W El Camino Ave, Sacramento, CA 95833","$389,900",2 beds,2 baths,"1,439 sq ft",
